title,img_src,author,publisher,price,abstract
공부머리 독서법,http://image.yes24.com/goods/59993940/S,최승필,책구루,"14,850원",12년 동안 아이들과 함께 독서 논술 수업을 하면서 축적한 노하우를 집약한 독서교육 지침서. 가정에서 실현 가능한 독서법만을 모아 실제 사례와 데이터를 바탕으로 직접 효과를 본 내용들을 알차게 채웠다. 어린이 책 작가이면서 그 역시 세 아이에게 매일 책을 읽어줘야 하는 아빠답게 독서교육의 본질과 원리를 꿰뚫으...
당신이 옳다,http://image.yes24.com/goods/64694842/S,정혜신,해냄,"14,220원","‘적정심리학’이란 새로운 패러다임을 통해 강력한 치유 원리와 구조를 제시한다. 이는 간단하지만 본질을 건드려 세상을 변화시키는 적정기술처럼, 사람의 마음과 존재의 본질을 움직여 상처를 치유하고 삶을 회복시키는 심리학을 뜻한다. 복잡한 이론과 전문가의 진단에만 의존하지 않고 스스로 나와 남을 돌보고 치유할..."
코스모스,http://image.yes24.com/goods/2312211/S,칼 세이건,사이언스북스,"16,650원","전 세계 60개국에 방송되어 6억 시청자를 감동시킨 텔레비전 교양 프로그램을 책으로 옮긴 칼 세이건(Carl Sagan)의 『코스모스(Cosmos)』. 현대 천문학을 대표하는 저명한 과학자인 칼 세이건은 이 책에서 사람들의 상상력을 사로잡고, 난해한 개념을 명쾌하게 해설하는 놀라운 능력을 마음껏 발휘한다. 그는 에라토스테네..."
나는 나로 살기로 했다,http://image.yes24.com/goods/33529377/S,김수현,마음의숲,"12,420원","진짜 ‘나’로 살기 위한 뜨거운 조언들. 어른이 처음인 당신을 위한 단단한 위로들. 이 책은 우리가 온전한 ‘나’로 살아가기 위해 무엇이 필요한지 말해준다. 돈 많고 잘나가는 타인의 SNS를 훔쳐보며 비참해질 필요 없고, 스스로에게 변명하고 모두에게 이해받으려 애쓰지 말라고 이야기한다. 불안하다고 무작정 열심히..."
지리의 힘,http://image.yes24.com/goods/30217950/S,팀 마샬,사이,"15,300원","사드, 남중국해, IS, 영유권 분쟁, 유럽의 분열, 모든 것은 지리에서 시작되었다! 우리의 삶은 언제나 우리가 살고 있는 [땅]에 의해 형성돼 왔다.  한니발도, 순자도, 알렉산드로스 대왕도 인정했던  [지리의 법칙]은 21세기에도 변함없이 힘을 발휘하고 있다.  [지리의 힘]이 21세기 현대사에 미치는 영향 집중 해부..."
사피엔스,http://image.yes24.com/goods/23030284/S,유발 하라리,김영사,"19,800원","변방의 유인원 호모 사피엔스는 어떻게 세상의 지배자가 되었는가? 과학은 모든 종교의 미래인가? 인간의 유효기간은 언제까지인가? 멀고먼 인류의 시원부터 인지혁명, 농업혁명, 과학혁명을 거쳐 끊임없이 진화해온 인간의 역사를 다양하고 생생한 시각으로 조명한 전인미답의 문제작. 호모 사피엔스부터 인공지능까지, 역..."
아몬드,http://image.yes24.com/goods/37300128/S,손원평,창비,"10,800원","'감정을 느끼지 못하는' 소년의 특별한 성장 이야기. 타인의 감정에 무감각해진 '공감 불능'인 이 시대에 큰 울림을 주는 소설로, 작품 속 인물들이 타인과 관계 맺고 슬픔에 공감하며 성장해 나가는 과정을 탁월하게 묘사했다. 『완득이』, 『위저드 베이커리』를 잇는 제10회 창비청소년문학상 수상작."
"총, 균, 쇠",http://image.yes24.com/goods/1940233/S,재레드 다이아몬드,문학사상,"25,200원",왜 어떤 민족들은 다른 민족들의 정복과 지배의 대상으로 전락하고 말았는가. 왜 원주민들은 유라시아인들에 의해 도태되고 말았는가. 왜 각 대륙들마다 문명의 발달 속도에 차이가 생겨났는가. '인간 사회의 다양한 문명은 어디서 비롯되는가?'라는 의문을 명쾌하게 분석하여 1998년 퓰리처 상을 수상한 책. 2005년 12월 ...
하버드 상위 1퍼센트의 비밀 (하드커버 리커버 에디션),http://image.yes24.com/goods/65282018/S,정주영,한국경제신문사(한경비피),"14,400원",하버드에서 찾은 가장 강력한 성공 공식! Black Diamond=Block(차단)×Deep(깊은 이해)  “신호를 차단하고 깊이 몰입하라”  하버드에서 똑같은 수업을 들으면서도 자신들은 다른 하버드생들과 다르다고 선 긋는 집단이 있다. 그들은 하버드에서도 가장 폐쇄적인 투자자 집단인 ‘블랙 다이아몬드’다. 그들은 사회가 ...
꽃을 보듯 너를 본다,http://image.yes24.com/goods/24259730/S,나태주,지혜,"9,000원",나태주 시집 『꽃을 보듯 너를 본다』. 이 시집은 시인 나태주의 시 가운데 인터넷의 블로그나 트위터에서 자주 오르내리는 시들만 모아 엮은 책이다.
푸른 사자 와니니,http://image.yes24.com/goods/18841857/S,이현,창비,"9,720원","“나는 약하지만, 우리는 강해!” ‘함께’라는 말의 의미를 다시 생각하게 하는 이야기  무리를 위해 냉정하게 판단하고 행동하는 마디바와 부족한 힘이나마 한데 모아서 어려움을 헤쳐 나가려는 와니니의 모습을 나란히 보여 주면서, ‘함께’라는 말의 의미가 무엇인지 곰곰이 생각하게하는 책입니다."
페스트,http://image.yes24.com/goods/4827619/S,알베르 까뮈,민음사,"11,700원","위험이 도사리는 폐쇄된 도시,  극한의 절망과 마주하는 다양한 인간 군상.  페스트라는 비극의 소용돌이 속에서도 현실을 직시하며 의연히 운명과 대결하는 인간의 모습을 다룬 걸작. 카뮈는 이 작품에서 공포와 죽음, 이별의 아픔 등 인간이 경험하게 되는 극한의 고통과 절망을 그려낸다."
설민석의 조선왕조실록,http://image.yes24.com/goods/29433467/S,설민석,세계사,"19,800원","대한민국 대표 한국사 강사 설민석이 27명의 조선의 왕들을 한 권으로 불러 모아 핵심적인 주요 사건들을 풀어썼다. 설민석 특유의 흡입력 있는 간결함과 재치 있는 말투를 그대로 책에 녹여냈고, 책 중간중간의 질의응답 구성을 통해 바로 앞에서 강연을 듣고 있다는 느낌을 준다."
해커스 토익 실전 1000제 1 READING 문제집,http://image.yes24.com/goods/61811179/S,해커스 어학연구소,해커스어학연구소,"10,710원",토익 최신 출제경향을 분석 반영한 전면개정판. 실전모의고사 10회분으로 토익 실전을 대비하고 실제 시험과 동일한 형태와 구성의 모의고사로 최종 마무리하자. 토익 단기 고득점을 위한 리딩 핵심 대비 전략 수록. 해커스인강에서 온라인 실전 모의고사 및 단어 암기 MP3를 제공한다.
82년생 김지영,http://image.yes24.com/goods/32972572/S,조남주,민음사,"11,700원","문학성과 다양성, 참신성을 기치로 한국문학의 미래를 이끌어 갈 신예들의 작품을 엄선한 「오늘의 젊은 작가」의 열세 번째 작품. 서민들의 일상 속 비극을 사실적이면서 공감대 높은 스토리로 표현하는 데 재능을 보이는 작가 조남주는 이번 작품에서 1982년생 '김지영 씨'의 기억을 바탕으로 한 고백을 한 축으로, 고백..."
해커스 토익 실전 1000제 1 LISTENING 문제집,http://image.yes24.com/goods/61811021/S,해커스 어학연구소,해커스어학연구소,"10,710원","토익 최신 출제경향을 분석 반영한 전면개정판. 실제 시험과 동일한 형태와 구성의 실전모의고사 10회분으로 토익 실전을 완벽하게 대비한다. 토익 단기 고득점을 위한 리스닝 핵심 대비 전략을 수록했으며, 토익 실전에 대비할 수 있는 6가지 버전의 MP3를 제공한다."
알사탕,http://image.yes24.com/goods/37525716/S,백희나,책읽는곰,"10,800원","들을 수 없던 네 마음이 들린다! 말하지 못한 내 마음을 전한다! 백희나 표 마법 알사탕!  동네 문방구에서 알사탕을 한 봉지 샀다. 크기도 모양도 색깔도 가지가지인  알사탕 한 알을 골라 입에 넣었더니, 원래는 들을 수 없던 마음의 소리가 들린다."
만복이네 떡집,http://image.yes24.com/goods/3906369/S,김리리,비룡소,"7,650원","만복이는 부잣집 외동아들로 태어나서 부모님 할아버지, 할머니, 삼촌, 이모들의 사랑을 듬뿍 받으며 컸습니다. 키도 크고 얼굴도 잘 생기고 공부도 잘했습니다. 하지만 왜인지, 만복이는 항상 나쁜 말만 했습니다. 좋아하는 친구에게도 ""잘난척쟁이""라고 하고 선생님한테도 화만 냈습니다. 그런 만복이의 눈앞에 만복이네 ..."
이기적 유전자 The Selfish Gene,http://image.yes24.com/goods/65067259/S,리처드 도킨스,을유문화사,"18,000원",『이기적 유전자』는 처음 출간되었을 당시 과학계와 일반 대중들에게 폭발적인 반향을 불러일으키며 세기의 문제작으로 떠올랐다. 혁신적인 통찰에 더해 사람의 마음을 휘어잡는 뛰어난 문장력과 명쾌한 구성력 또한 보여 주는 이 책은 명실상부 과학 교양서의 바이블로 일컬어지기에 손색이 없다. 또 최재천 이화여대 석...
돌이킬 수 없는 약속,http://image.yes24.com/goods/35552641/S,야쿠마루 가쿠,북플라자,"13,500원","제51회 에드가와란포상 수상 작가 야쿠마루 가쿠의 미스터리 추리 소설. ""내 딸을 살해한 놈들을 15년 후에 죽여주세요. 그 약속을 해주면 내 전 재산을 드리리다."" 주인공이 과거에 저지른 죄, 그리고 15년 전에 했던 어느 노파와의 돌이킬 수 없는 약속을 둘러싸고 벌어지는 미스터리한 사건을 숨이 막히도록 치밀하게 그..."
부자 아빠 가난한 아빠 20주년 특별 기념판,http://image.yes24.com/goods/58774995/S,로버트 기요사키,민음인,"14,220원",전 세계에서 가장 많이 팔린 경제경영서 ‘부자 아빠 가난한 아빠’ 20주년 기념  업그레이드 에디션 출간!  - 세계 금융 변화에 맞춘 41개의 NEW 코멘트 - 토론과 실천을 위한 10가지 스터디세션 등 500매 분량의 내용 추가  1997년 미국에서 처음 출간된 이래 전 세계 51가지 언어로 109개국에서 출판되어 4000만 ...
부의 추월차선,http://image.yes24.com/goods/9440838/S,엠제이 드마코,토트출판사,"13,500원","부자의 공식은 통계적 전략이 아니라, 부의 비밀을 파헤치고 지름길로 향하는 문을 여는, 완전히 심리적이고 수학적인 공식이다. 진짜 쓸모 있는 공식은 수학적으로 짜여 있을 뿐만 아니라 모호한 표현도 포함하지 않는다. 정말로 돈을 벌 수 있는 비밀, 수학적인 공식이 존재할까? 물론이다."
12가지 인생의 법칙,http://image.yes24.com/goods/66360714/S,조던 B. 피터슨,메이븐,"15,120원","2018년 전 세계를 뒤흔든 전 하버드대 심리학과 교수 조던 피터슨의 불확실한 인생을 꿰뚫는 명강의. ‘어깨를 펴고 똑바로 서라’, ‘세상을 탓하기 전에 방부터 치워라’ ‘당신에게 최고의 모습을 기대하는 사람만 만나라’ 같은 인생의 진리를 심리학, 생물학, 신화, 철학, 종교 등을 바탕으로 써내려간 책이다. 미국과..."
언어의 온도,http://image.yes24.com/goods/30387696/S,이기주,말글터,"12,420원","언어에는 나름의 온도가 있다고 생각하는 저자가 일상에서 발견한 의미 있는 말과 글을 한 권의 책에 담았다. 저자는 단어의 어원과 유래, 그런 언어가 지닌 차가움과 따뜻함을 글감 삼아, 하찮아 보이는 것들의 소중함을 예찬한다. 페이지를 넘길 때마다 문장과 문장에 호흡을 불어넣으며 뜨거운 음식을 먹듯 찬찬히 곱씹..."
아홉 살 마음 사전,http://image.yes24.com/goods/37211852/S,박성우,창비,"9,900원",어린이를 위한 감정 사전  마음을 표현하는 80개의 단어를 담은 책 『아홉 살 마음 사전』이 출간되었다. 초등학교 저학년 어린이들이 생활에서 활용할 수 있는 감정 표현을 그림과 함께 사전 형태로 소개한다. 구체적이고 실감 나는 그림과 친절한 설명을 통해 다양한 감정 표현을 익힘으로써 자기 마음을 정확하게 이해...
사서함 110호의 우편물,http://image.yes24.com/goods/24912652/S,이도우,시공사,"11,700원","“네 사랑이 무사하기를, 내 사랑도 무사하니까” 20만 독자들에게 친구가 되어준, 늘 곁에 두고 싶은 이야기  ‘다시 한 번 사랑해보기로 한’ 모든 이를 향한 따뜻한 시선  한결같이 독자들의 마음을 설레게 한 롱 스테디셀러  2004년 발표된 이래 수많은 독자들의 뜨거운 지지와 입소문으로 변함없이 사랑받고 있..."
설민석의 한국사 대모험 1,http://image.yes24.com/goods/35111247/S,설민석,아이휴먼,"8,820원","단군 신화 속 끈기, 세종대왕의 독서, 신사임당의 교육, 이순신의 초심, 안중근의 정의  『설민석의 한국사 대모험』은 곁에 두고 보는 책입니다. 어린이들이 일상에서 고민할 수 있는 문제들을 역사 속 인물을 통해 같이 생각하고 해결할 수 있습니다.가히 한국사 열풍이라고 할 수 있을 정도로 한국사에 대한 관심이 ..."
초판본 데미안,http://image.yes24.com/goods/56732792/S,헤르만 헤세,더스토리,"10,800원","헤르만 헤세 탄생 140주년 기념 초호화 패브릭 양장! 영혼의 성장 기록, 나를 찾아가는 길 『데미안』  1919년 오리지널 초판본 표지디자인!  20세기 독일 문학가들 가운데 우리나라 독자들에게 가장 잘 알려진 작가를 꼽으라고 한다면 단연 헤르만 헤세일 것이다. 내면의 탐구자이자 자아 성찰의 대표 작가인 헤르만 ..."
방구석 미술관,http://image.yes24.com/goods/63038113/S,조원재,블랙피쉬,"15,120원","“미술 문지방? 가볍게 넘는다!” 낄낄 웃다 보면 빠져드는 미술 입덕 교양서 미술 팟캐스트 독보적 1위 「방구석 미술관」  요즘은 유명 화가들의 전시를 어렵지 않게 만날 수 있다. 하지만 막상 미술관을 찾아도, 감상은커녕 동물원 구경하듯 돌다 나오는 게 현실이다. 이참에 미술 좀 배워볼까 싶어 미술책을 꺼내 ..."
시간을 파는 상점,http://image.yes24.com/goods/6699994/S,김선영,자음과모음,"9,900원",지난해(2011년 연말) 제1회 자음과모음 청소년문학상 응모작 중 단연 돋보임으로써 심사위원들의 만장일치로 선정된 작품이다. 당선작은 우리나라 청소년문학을 한 단계 끌어올릴 수 있는 힘을 가지고 있는 작품이라고 심사위원들의 극찬을 받았다.  이 작품은 흐르는 시간이라는 소재를 다루고 있다. 다분히 철학적이고 ...
나미야 잡화점의 기적,http://image.yes24.com/goods/8157957/S,히가시노 게이고,현대문학,"13,320원","지난 10년간 한국에서 가장 많이 팔린 소설이자 히가시노 게이고의 대표작. 30여 년째 비어 있는 폐가, ‘나미야 잡화점’에 숨어든 삼인조 좀도둑이 뜻밖에도 과거로부터 도착한 고민 상담 편지에 답장을 하면서 겪게 되는 기묘한 하룻밤의 이야기를 그린다. 작가는 시공간을 넘나드는 편지라는 설정을 단순한 판타지가 아..."
봉제인형 살인사건,http://image.yes24.com/goods/53802600/S,다니엘 콜,북플라자,"13,500원","영국 아마존 베스트셀러 2016년 런던 도서전 최고의 화제작 영국, 미국, 일본, 독일, 러시아 등 주요 선진국 포함 32개국 번역 출간 영국TV 드라마화 제작 확정  2016년 4월 런던 도서전에서 가장 큰 주목을 받은 소설 『봉제인형 살인사건』은 다니엘 콜의 데뷔작으로서 영국, 미국, 독일, 일본을 포함한 32개국에서 ..."
멋진 신세계,http://image.yes24.com/goods/18360997/S,올더스 헉슬리,소담출판사,"12,420원","충격적인 미래 문명 비판 문학의 고전,  『멋진 신세계』 속 냉혹한 미래상은 이미 현재 진행 중이다!   올더스 헉슬리의 예언적 소설 『멋진 신세계』는 금세기에 미래를 가장 깊이 있고 날카롭게 파헤친 작품 중의 하나다. 현대식 에덴동산에서의 삶을 그린 이 이야기는 자유와 도덕 개념이 낡은 넝마가 되어버린 현..."
정리하는 뇌,http://image.yes24.com/goods/18599174/S,대니얼 J. 레비틴,와이즈베리,"19,800원","“정보홍수, 선택과잉 시대에 생각과 인생의 좌표를 잡을 수 있는가”  인지심리학과 뇌과학 최신 연구로 밝혀낸 정보, 생각, 삶의 정리정돈기술  한때 우리는 사회가 컴퓨터화되면 반복적이고 단조로운 일은 모두 컴퓨터가 처리하고 인간은 좀 더 고귀한 목적을 위해 일하며 더 많은 여가시간을 확보할 수 있을 것이라 ..."
한밤중 달빛 식당,http://image.yes24.com/goods/59272030/S,이분희,비룡소,"8,550원","제7회 비룡소 문학상 대상 수상작   “지우고 싶은 나쁜 기억이 있으면,  ‘한밤중 달빛 식당’으로 오세요!”   기억과 선택에 대한 아름답고 환상적인 이야기    매년 신선한 작가와 작품으로 저학년 문학에 새로운 활기를 일으켜 온 비룡소 문학상이 7회를 맞아 이분희의 『한밤중 달빛 식당』을 수상작으로 발..."
엄마의 말하기 연습,http://image.yes24.com/goods/58998723/S,박재연,한빛라이프,"13,320원",엄마인 나를 위로하고   아이의 자존감을 회복시켜주는 공감 대화법    아이를 키우면서 부딪치는 많은 상황에서 아이의 마음을 현명하게 어루만지고 자존감 높은 아이로 만들어주는 대화를 이어간다면 육아가 좀 더 수월해질 것이다. 그러기 위해서는 우선 엄마가 자신을 바로 볼 수 있어야 한다. 이 책에서는 육아...
데미안,http://image.yes24.com/goods/176787/S,헤르만 헤세,민음사,"7,200원",데미안을 통해 참다운 어른이 되어 가는 소년 싱클레어의 이야기. 한 폭의 수채화같이 아름답고 유려한 문체로 전세계인의 사랑을 받고 있는 작품. 감수성이 풍부한 주인공 싱클레어가 소년기에서 청년기를 거쳐 어른으로 자라가는 과정이 세밀하고 지적인 문장으로 그려져 있습니다. 진저한 삶에 대해 고민하고 올바르게 ...
설민석의 한국사 대모험 2,http://image.yes24.com/goods/35887706/S,설민석,아이휴먼,"9,450원","삼국 통일, 몽골 침입, 조선 건국, 3·1 운동, 독도 이번에는 한반도를 뒤흔든 사건을 알아보자!  『설민석의 한국사 대모험』은 곁에 두고 보는 책입니다. 어린이들이 일상에서 고민할 수 있는 문제들을 역사 속 인물을 통해 같이 생각하고 해결할 수 있습니다. 『설민석의 한국사 대모험』 시리즈는 한국사 지식을 전달..."
세상에서 제일 재밌는 종이접기,http://image.yes24.com/goods/63592662/S,이원표,슬로래빗,"12,600원","세상에서 제일 쉬운 시리즈 6권. 종이접기를 처음 시작하는 유아부터 수준 높은 작품을 원하는 성인까지 온 가족이 함께 볼 수 있는 175개 작품을 수록한 종이접기 대백과이다. 도안이 어려운 과정은 생생한 사진과 동영상을 함께 수록하여 쉽게 따라 할 수 있고, 작품별 접는 방법과 횟수에 따라 등급을 구분하여 작품을 ..."
아내를 모자로 착각한 남자,http://image.yes24.com/goods/30548896/S,올리버 색스,알마,"16,650원","우리 시대의 위대한 의사, 별이 되다 인간을 보는 새롭고 따뜻한 눈을 제시한 올리버 색스의 대표작. 2016월드일러스트레이션 어워즈 수상작가 이정호의 그림과 만나다.   이 시대 가장 영향력 있는 신경학자이자 베스트셀러 저술가였던 올리버 색스. 1985년 영국 현지 출간 이래 30년 넘게 전 세계 독자들에게 폭 넓게..."
정의란 무엇인가,http://image.yes24.com/goods/15156691/S,마이클 샌델,와이즈베리,"13,500원","한국에 ‘정의’ 열풍을 불러일으킨 마이클 샌델은 구제 금융, 대리 출산, 동성 결혼, 과거사 공개 사과 등 현대 사회에서 우리가 흔히 부딪히는 문제를 통해 ‘무엇이 정의로운가’에 대한 해답을 탐구했다. 이 책은 탁월한 정치 철학자들이 남긴 시대를 초월한 철학적인 질문을 알기 쉽게 소개한다. 이를 통해 옳고 그름,..."
[예스리커버] 불량한 자전거 여행,http://image.yes24.com/goods/3486146/S,김남중,창비,"9,720원","[리커버 편집자의 말] 『불량한 자전거 여행』은 주인공인 호진이가 자전거를 타고 성장하는 이야기를 담은 동화입니다. 2009년 처음 출간된 후에 많은 독자의 사랑을 받았고, 호진이의 여행 이야기를 더 듣고 싶은 어린이들의 성원에 힘입어 10년 만인 2019년에 후속작이 출간되었습니다. 어린이들의 힘찬 응원이 계속 이..."
설민석 쌤과 함께 부르는 한국을 빛낸 100명의 위인들,http://image.yes24.com/goods/56002311/S,설민석,아이휴먼,"14,400원","설민석 쌤과 함께 신나게 노래 부르며 한국사 여행을 떠나요!  한국사 대중화를 위해 다양한 저술 활동과 방송 활동을 하고 있는 저자 설민석이 이번에는 유아, 어린이를 위한 한국사 사운드북을 펴냈습니다. ‘한국을 빛낸 100명의 위인들’ 노래를 따라 부르며 위대한 업적을 남긴 위인들의 이름을 기억하고, 이후 자연..."
영어회화 100일의 기적,http://image.yes24.com/goods/18116912/S,문성현,넥서스,"12,150원","평생 영어 초보, 영어 포기자를 위한 D-100 말문트기 프로젝트. 책과 강의, 그리고 스피킹 훈련으로 보고 듣고 말하는 3D 입체 학습을 제공한다. 원어민이 직접 녹음한 생생한 대화문으로 원어민의 뉘앙스와 주요 표현을 익히고, 국내파 영어연수 전문가 문코치의 해설 강의로 탄탄하게 실력을 다진다."
자존감 수업,http://image.yes24.com/goods/30548474/S,윤홍균,심플라이프,"12,600원","심리학 책 아무리 읽어도 자존감 그대로인 사람에게 추천하는 책!  정신과 의사 ‘윤답장’ 선생의 자존감 셀프 코칭법  자존감 전문가이자 정신과 의사인 윤홍균 원장이 2년 넘게 심혈을 기울여 쓴 책으로, 자존감이 우리 삶에 미치는 영향을 친절하게 알려주고, 자존감을 끌어올리는 실질적인 방법을 알려주는 책. 높..."
열두 발자국,http://image.yes24.com/goods/61557678/S,정재승,어크로스,"15,120원","창의적인 사람들의 뇌에서는 어떤 일이 벌어지고 있을까, 4차 산업혁명 시대, 새로운 기회를 어떻게 발견할 것인가. 숨 가쁘게 변화하는 시대의 한 가운데에서 늘 질문을 던지고 독자들과 함께 해답을 탐색하는 정재승 교수의 지난 10여 년 간의 강연 중 가장 많은 호응을 받았던 12개의 강연을 선별하여 다시 집필했다. 더..."
설민석의 한국사 대모험 3,http://image.yes24.com/goods/38922887/S,설민석,아이휴먼,"9,450원","경주, 불국사와 석굴암, 한글, 수원 화성, 조선왕조실록 세계 최고라 자부할 수 있는 우리의 문화유산을 배우고 기억합니다. 설쌤과 함께 우리의 자랑스러운 문화유산을 알아보는 역사 여행을 떠나요!  『설민석의 한국사 대모험 3』에서는 갑작스러운 왕의 부름에 설쌤과 평강은 온달과 함께 우리나라의 문화유산을 ..."
미움받을 용기,http://image.yes24.com/goods/15058512/S,기시미 이치로,인플루엔셜,"13,410원","프로이트, 융과 어깨를 나란히 하며 ‘심리학의 3대 거장’으로 일컬어지고 있는 알프레드 아들러의 심리학을 쉽고 재미있게 구성했다. 인간은 변할 수 있고, 누구나 행복해질 수 있다. 단 그러기 위해서는 '용기'가 필요하다. 자유로워질 용기, 평범해질 용기, 행복해질 용기, 그리고 미움받을 용기."
"곰돌이 푸, 행복한 일은 매일 있어",http://image.yes24.com/goods/59070026/S,곰돌이 푸,알에이치코리아(RHK),"10,800원","나를 지키기 위해 자꾸만 나를 잃어가는 세상 속에서, 나로 살기 위한 곰돌이 푸의 마음을 들여다보는 말. 곰돌이 푸의 긍정적인 기운과 '나의 삶은 나의 방식으로 정한다'라고 말했던 독일의 철학자 니체의 말 중에서 오늘날의 우리에게도 도움이 될 만한 조언들을 모았다. 말하자면 곰돌의 푸의 입으로 전하고 니체가 거..."
클루지,http://image.yes24.com/goods/3142428/S,개리 마커스,갤리온,"12,420원","인간의 진화는 최선의 선택을 담보한다는 전통 이론을 뒤엎는다. 진화란 가장 합리적인 해결책이 아니라 그나마 쓸 만한 해결책이 선택되는 방식으로 이뤄진다는 것. 저자는 인간의 마음이야말로 고장 나기 쉬운 애물단지 컴퓨터, 즉 '클루지'라고 주장한다. 우리의 기억이 매번 기대를 저버리고, 실수는 너무나 자주 반복..."
읽으면서 바로 써먹는 어린이 속담,http://image.yes24.com/goods/54232177/S,한날,파란정원,"10,800원","우리 아이들은 속담에 대해 얼마나 정확하게 알고 있나요? 속담을 많이 아는 만큼 어휘력이 좋아지는 건 당연한 말씀. 하지만 잘못 알고 있는 속담도 있고, 미처 몰랐던 속담도 있어요. 은유와 비유가 가득 담긴 속담, 제대로 알아야겠지요? 초등학생이라면 꼭 알아야 할 속담을 엄선해서 추려 인기 웹툰 작가의 그림으로 ..."
못 참는 아이 욱하는 부모,http://image.yes24.com/goods/26031499/S,오은영,코리아닷컴(Korea.com),"15,120원","욱하는 대한민국을 변화시킬 필독 육아서 “우리 아이 절대 욱하는 어른으로 키워서는 안 된다.” 어디서부터 잘못된 걸까? 대한민국 육아 멘토 오은영 박사의 긴급 진단! 감정 조절의 어려움을 겪는 부모와 아이를 위한 지침서 아이는 천천히 배운다. 아이가 낯선 상황과 주어진 조건을 이해하고, 뇌에서 그것을 처리..."
장수탕 선녀님,http://image.yes24.com/goods/7445455/S,백희나,책읽는곰,"9,900원","덕지가 사는 동네에는 아주아주 오래된 목욕탕인 ‘장수탕’이 있습니다. 큰길에 새로 생긴 스파 랜드에는 불가마도 있고, 게임방도 있고, 얼음방도 있다는데…. 엄마는 아랑곳하지 않고 오늘도 덕지를 달고 장수탕으로 향합니다. 낡아빠진 사물함과 형형색색 목욕 바구니들, 야구 중계가 흘러나오는 고물 텔레비전과 음료..."
기억 전달자,http://image.yes24.com/goods/2593734/S,로이스 로리,비룡소,"10,800원",『1984』『멋진 신세계』『시녀 이야기』의 뒤를 잇는 또 하나의 SF 명작. 모두가 잃어버린 감정을 찾기 위해 나서는 열두 살 소년의 이야기.   모두가 똑같은 형태의 가족을 가지고 동일한 교육을 받으며 성장하는 곳. 이곳에서는 열두 살이 되면 위원회가 직위를 정해준다. 열두 살 기념식을 앞둔 조너스는 마음이 조마...
백년 허리,http://image.yes24.com/goods/23821489/S,정선근,사이언스북스,"15,750원","98%의 요통 환자는 수술 없이 완치될 수 있다! 단 3주 만 따라하면 지긋지긋한 요통의 지옥에서 빠져나올 수 있다!  허리는 직립 보행을 하는 우리 인간 몸의 기둥이다. 놀라운 자연의 발명품인 허리는 원래 100년 이상 쓰도록 만들어져 있다. 그러나 우리가 무의식적으로 하는 나쁜 자세, 나쁜 운동이 100년 이상 쓸 허..."
말 그릇 (리커버 에디션),http://image.yes24.com/goods/46659527/S,김윤나,카시오페아,"13,500원","당신의 말이 태어나고 자라는 곳 ‘말 그릇’을 키워 관계와 인생의 주인이 되는 법  사람들은 ‘말재주’가 뛰어난 사람을 부러워하지만, 곁에 두고 싶어 하는 사람은 결국 말에서 마음이 느껴지는 사람이다. 많은 말을 하지 않지만 꼭 필요한 말을 조리 있게 하는 사람, 적절한 때에 입을 열고 정확한 순간에 침묵할 ..."
이상한 엄마,http://image.yes24.com/goods/24834032/S,백희나,책읽는곰,"10,800원","아이와 엄마의 마음을 어루만지는  착한 마법으로 가득한 백희나표 그림책!  이상하고 아름다운 엄마가 온다!    호호가 열이 심해 조퇴를 했대요.  엄마는 회사에 있고 집에는 아무도 없는데 어쩌면 좋죠?  누구라도 좋으니 호호랑 엄마를 좀 도와주세요, 네!    ‘이런이런…… 흰 구름에 먹을 쏟아 버렸..."
위저드 베이커리,http://image.yes24.com/goods/3352480/S,구병모,창비,"9,900원","제2회 창비청소년문학상 수상! 미스터리, 호러, 판타지... 성장소설의 한계를 뛰어넘은 청소년 문학의 새로운 지평!!  기존 청소년소설의 틀을 뒤흔드는, 현실로부터의 과감한 탈주를 선보이는 작품이다. 청소년 소설=성장소설 이라는 도식을 흔들며, 빼어난 서사적 역량과 독특한 상상력으로 미스터리와 호러, 판타지적..."
설민석의 한국사 대모험 5,http://image.yes24.com/goods/57237943/S,스토리박스,아이휴먼,"9,450원","불통은 역적을 낳고, 소통은 성군을 낳는다.  설쌤과 함께 가족, 소통의 소중함을 역사를 통해 느껴보세요!  『설민석의 한국사 대모험』 시리즈는 재미있는 스토리, 탄탄한 한국사 지식 그리고 한국사를 통해 어린이들이 배워야 할 교훈을 함께 담아 출간 이후 줄곧 어린이 학습만화의 베스트셀러로 자리 잡았습니다. ..."
우리는 언제나 다시 만나,http://image.yes24.com/goods/43862350/S,윤여림,위즈덤하우스,"10,800원","엄마가 세상에 하나뿐인 아이에게 전하는 사랑과 응원의 메시지   신이 세상 모든 곳에 존재할 수 없어 ‘엄마’가 존재한다는 말이 있습니다. 그만큼 ‘엄마’라는 존재는 아이에게 세상에서 가장 따뜻한 품이자 든든한 버팀목이 아닐까요? 엄마 또한 세상에 하나뿐인 아이를 위해 무엇이든 다 할 수 있고, 무엇이든 해 ..."
갈매기에게 나는 법을 가르쳐준 고양이,http://image.yes24.com/goods/17739882/S,루이스 세뿔베다,바다출판사,"8,820원","출간 이래 유럽에서만 200만 부 이상이 팔린 초대형 베스트셀러   이 책은 라틴 문학권의 대표적 작가 루이스 세뿔베다의 작품입니다. 세뿔베다는 1960년대 이른바 ‘마술적 리얼리즘’으로 서구문학의 한계를 돌파했던 붐 세대(가브리엘 마르케스, 호르헤 루이스 보르헤스, 파블로 네루다 등)의 뒤를 잇는 포스트 붐 세..."
설민석의 한국사 대모험 4,http://image.yes24.com/goods/45001049/S,설민석,아이휴먼,"9,450원","구석기 시대, 신석기 시대, 청동기 시대, 철기 시대 설쌤과 함께 선사시대 우리 선조들의 생활과 문화를 체험하는  역사 여행을 시작하세요!  선사 시대 우리 조상들의 모습은 어땠을까? 비록 많은 기록이 남아있지는 않지만, 우리는 당시의 유물들을 통해 선사 시대 사람들의 삶의 모습을 유추하고 있습니다. 그리고 ..."
설민석의 한국사 대모험 8,http://image.yes24.com/goods/64573109/S,스토리박스,아이휴먼,"9,450원","재미있는 스토리와 다양한 한국사 이야기를 통해 어린이들에게 지식과 감동, 재미를 심어준 『설민석의 한국사 대모험』 시리즈 여덟 번째 이야기, '위기 극복' 편. 8권에서는 위기에 처한 온달과 평강이의 관계, 북방 민족의 침입으로 위기를 맞은 고구려 등 등장인물들에게 닥친 위기와 위기를 극복하기 위해 노력하는 온..."
수박 수영장,http://image.yes24.com/goods/19427515/S,안녕달,창비,"10,800원","뜨거운 여름날, 커다란 수박 안에 들어가 수영을 한다는 시원하고 호방한 상상력이 돋보이는 그림책입니다. 사람들이 수박 안에서 수영하는 모습이나 수박씨와 수박 껍질을 이용해 다양하게 노는 모습들이 즐겁게 전해집니다. 특히 아이부터 어른 또 장애를 가진 사람까지 한동네 사람들이 구별 없이 한곳에서 자연스럽게 ..."
부의 본능,http://image.yes24.com/goods/63688657/S,브라운스톤,토트출판사,"12,420원","“절대 실패하지 않는 재테크 실전 매뉴얼”    그동안 당신의 투자가 판판이 깨진 이유와 유형별 해법    우리 안에는 부자 되는 걸 방해하는 아홉 가지 심리적 장해물이 있다. 무리 짓는 본능, 영토 본능, 쾌락 본능, 근시안적 본능, 손실공포 본능, 과시 본능, 도사 환상, 마녀 환상, 인식체계의 오류 등 원시시..."
동물농장,http://image.yes24.com/goods/17352/S,조지오웰,민음사,"6,300원",영국 작가의 세계적인 장편소설이다. 인간에게 착취당하던 동물들이 인간을 내쫓고 동물농장을 세운다는 큰 줄거리 아래 독자자와 사회주의 사회의 문제를 실랄하게 비판하고 풍자한 장편소설. 볼셰비키 혁명 이후 스탈린 시대까지의 소련의 정치상황을 소재로 했다.
백만장자 시크릿,http://image.yes24.com/goods/2998235/S,하브 에커,알에이치코리아(RHK),"10,800원",현재의 경제 상태는 과거에 내가 그린 경제 청사진에 의해 결정된다고 한다. 가난한 이민자의 아들로 태어나 곤궁한 어린 시절을 보내고 수십 가지의 사업을 시도하면서 백만장자의 꿈을 키웠던 하브 에커. 『백만장자 시크릿』은 그가 성공의 기쁨과 실패의 나락을 모두 경험하면서 체득한 부에 이르는 과정을 담은 것이다...
"엄마, 주식 사주세요",http://image.yes24.com/goods/29118994/S,존 리,한국경제신문사(한경비피),"12,600원",사교육 대신 주식에 투자하라! 대한민국 최고의 주식 멘토 존 리 대표가 전하는 교육과 투자 비법  이제는 공부 잘해서 좋은 대학 나오는 것이 부로 연결되는 시대가 아니다. 월급만 가지고는 평생 걸려도 집 한 채 장만하기 어려운 시대다. 그럼에도 대부분의 엄마가 여전히 열심히 공부해서 공무원이 되거나 대기업에 ...
설민석의 한국사 대모험 6,http://image.yes24.com/goods/59382931/S,스토리박스,아이휴먼,"9,450원","만나기만 하면 으르렁 으르렁, 설쌤, 황 대감님! 언제까지 싸우실 거예요? 역사를 통해 진정한 라이벌이란 무엇인지 생각하는 시간을 가져보세요! 한때 고구려를 위해 함께 뜻을 모으자고 다짐했었던 설쌤과 황 대감, 하지만 지금은 각각 온달과 공갈을 부마 자리에 앉히기 위해서 서로 경쟁하는 상황입니다. 거기에 둘은 ..."
왜 세계의 절반은 굶주리는가?,http://image.yes24.com/goods/24937700/S,장 지글러,갈라파고스,"9,720원","120억의 인구가 먹고도 남을 만큼의 식량이 생산되는데 왜 하루에 10만 명이, 5초에 한 명의 어린이가 굶주림으로 죽어가는가? 이런 불합리하고 살인적인 세계질서는 어떠한 사정에서 등장하는 것일까? 그 책임은 누구에게 있을까? 학교에서도 언론에서도 아무도 알려주지 않은 기아의 진실!  이 시대의 실천적 지식인 ..."
추리 천재 엉덩이 탐정 1,http://image.yes24.com/goods/30434846/S,트롤,미래엔아이세움,"10,800원","엉덩이 탐정과 함께하면 추리가 쉽다!  수수께끼를 풀고, 미로를 지나고, 숨은 그림을 찾다 보면 추리력과 사고력이 쑥쑥!  세상 모든 탐정이 매서운 눈빛과 예리하고 까칠한 성격을 가졌을 거라고 생각한다면 천만의 말씀! 엉덩이를 꼭 닮은 얼굴 모양, 범인을 찾으면 진지한 얼굴로 유감없이 쏘아 대는 “뿌우우웅” ..."
샬롯의 거미줄,http://image.yes24.com/goods/176008/S,엘윈 브룩스 화이트,시공주니어,"9,900원",너무 작게 태어났다는 이유 하나로 죽임을 당할 뻔한 꼬마 돼지 윌버가 너무 불공평하다며 항의하는 여자아이에 의해 목숨을 건지고 샬롯이라는 이름의 거미의 도움으로 '대단한 돼지' '근사한 돼지' '눈부신 돼지' 그리고 마침내 '겸허한 돼지' 가 되는 이 이야기는 무엇보다도 샬롯과 윌버가 서로의 삶을 '승격' 시켜주는...
[예스리커버] 책과 노니는 집,http://image.yes24.com/goods/3248548/S,이영서,문학동네,"9,450원","[리커버 편집자의 말 - 여기 에디터의 말을 쓰려고 어젯밤 아주 오랜만에 『책과 노니는 집』을 다시 펼쳤습니다. 조금만 읽다가 잘 계획이었는데, 책장 넘기는 손을 멈추지 못해 결국 끝까지 읽고 말았어요. 자야 하는데, 자야 하는데, 하면서도 다음 장면이 궁금해 책장을 넘겨 본 독자 여러분이라면 공감하시겠지요? 다 ..."
설민석의 한국사 대모험 7,http://image.yes24.com/goods/61329400/S,스토리박스,아이휴먼,"9,450원","재미있는 스토리와 다양한 한국사 이야기를 통해 어린이들에게 지식과 감동, 재미를 심어준 『설민석의 한국사 대모험』 시리즈의 일곱 번째 이야기. 평소 한국사를 통해 어린이들에게 반드시 필요한 소양인 지(知)ㆍ덕(德)ㆍ체(體)를 배울 수 있다는 것을 강조했던 설민석 선생님이 조금 더 쉽게 지덕체의 중요함을 이야기..."
나는 3학년 2반 7번 애벌레,http://image.yes24.com/goods/25283908/S,이주희,창비,"8,100원",제20회 창비 ‘좋은 어린이책’ 원고 공모 대상작 새로운 의인동화 주인공의 탄생 우리의 친구 7번 애벌레를 소개합니다! 『괭이부리말 아이들』 『엄마 사용법』 『기호 3번 안석뽕』 등 주옥같은 창작동화와 숱한 화제작들을 발굴해 온 창비 ‘좋은 어린이책’ 원고 공모의 제20회 저학년 부문 대상 수상작 『나는 3학...
100가지 숨은 미로 찾기,http://image.yes24.com/goods/20143465/S,베키 윌슨,노란우산,"6,300원",선명하고 볼거리 풍성한 그림으로 가득 찬  100가지의 흥미진진한 미로를 풀어 보세요.   아이들은 뚜렷하고 선명한 색감의 책을 좋아하지요. 이 책은 아이들이 좋아하는 알록달록한 색감의 그림들로 꽉 채워져 있어요. 또한 작고 세밀한 그림으로 구성되어 있어 볼거리가 가득하답니다. 100가지나 되는 미로를 해결하다...
전설로 떠나는 월가의 영웅,http://image.yes24.com/goods/38893626/S,피터 린치,국일증권경제연구소,"20,700원",세계가 인정한 최고의 투자자 ‘피터 린치’가 쓴 주식 투자의 고전!  이 책은 월가의 전설적인 인물 피터 린치가 개인투자자들을 위해 1989년에 출간했던 『월가의 영웅』최신 개정판이다. 월가에서 투자 귀재로 승승장구하던 그가 돌연 은퇴한 후 저술한 책으로 자서전 형식을 띠면서 주식에 관한 기본 정보를 담은 투...
42가지 마음의 색깔,http://image.yes24.com/goods/19895516/S,크리스티나 누녜스 페레이라,레드스톤,"12,600원","스페인 국민 그림책, 꼬리에 꼬리를 무는 감정 여행  [42가지 마음의 색깔]은 수많은 감정의 세계를 여행할 아이들을 위한 가이드북입니다. 42가지 감정의 이름과 각 감정에 대한 설명글, 감정을 표현한 42점의 그림 작품으로 구성되어 있습니다. 순서는 아이들에게 친숙한 ‘포근함’으로 시작해서 따뜻한 ‘사랑’으로,..."
모든 순간이 너였다,http://image.yes24.com/goods/58603565/S,하태완,위즈덤하우스,"12,420원","SNS와 전작 『#너에게』를 통해 50만 명에 이르는 독자들에게 사랑받은 하태완 작가의 두 번째 에세이. 위로받고 싶을 때, 설레고 싶을 때, 사람에 사랑에 상처받았을 때… 삶의 모든 순간에 특별한 위로와 공감을 건넨다. 소중한 모든 순간을 나누고픈 사랑하는 사람에게, 미처 의식하지 못했던 지금 이 빛나는 순간을 조..."
하마터면 열심히 살 뻔했다,http://image.yes24.com/goods/60208514/S,하완,웅진지식하우스,"13,500원","노력이 배신하고, 인생에 사사건건 고나리질하는 현실 열심히 ‘내’ 인생을 살기 위해 더 이상 열심히 살지 않기로 결심했다! 한 남자의 인생을 건 본격 야매 득도 에세이  우리는 태어난 이상 열심히 살아야 한다. 좋은 대학에 가야 하고, 좋은 직장에 가야 하고, 좋은 사람을 만나서 결혼하고 아이를 낳아야 비로소 ..."
프린들 주세요,http://image.yes24.com/goods/241709/S,앤드루 클레먼츠,사계절,"8,550원","『프린들 주세요』(Frindle)는 아이디어가 기발한 소년 닉이 ‘펜’이라는 말 대신 ‘프린들’이라는 말을 쓰면서 벌어지는 시끌벅적한 소동을 유쾌하면서도 진지하게 그린 장편동화이다. 이 책은 미국의 학부모와 어린들에게 큰 인기를 얻었으며, 크리스토퍼 상, 주디 로페즈 기념회 상, 그레이트 스톤 페이스 상, 로드아..."
한국을 빛낸 100명의 위인들,http://image.yes24.com/goods/20296844/S,려하(권영아),M&Kids,"10,800원",나라를 빛낸 수많은 위인들을 한 번에!  우리나라 역사의 흐름을 한눈에! 역사를 만나는 가장 쉽고 재미있는 접근법 역사를 만나려면 인물을 만나게 됩니다. 인물만큼 역사를 만나는 쉽고 재미있는 지름길도 없습니다. 특히나 친숙하고 익숙한 역사 인물이라면 더욱 쉽게 이해의 문이 열리지요. 우리 역사를 살아오신 수...
내가 확실히 아는 것들,http://image.yes24.com/goods/15260316/S,오프라 윈프리,북하우스,"12,420원","1998년, 영화평론가 진 시스켈에게 ""당신이 확실하게 아는 것이 있다면, 그것은 무엇입니까?""라는 질문을 받은 후, 오프라 윈프리는 '내가 확실히 아는 것들'이라는 제목으로 「O 매거진」에 한 달에 한 편씩 칼럼을 쓰기 시작했다. 그 질문은 오프라 윈프리가 자신의 지난 인생을 다시 살필 기회를 주었고, 그녀는 칼럼을 ..."
21세기를 위한 21가지 제언,http://image.yes24.com/goods/63733198/S,유발 하라리,김영사,"19,800원","『사피엔스』, 『호모 데우스』에 이은 유발 하라리의 ‘인류 3부작’ 완결편. 인류의 과거와 미래를 탐색한 전작에 이어 『21세기를 위한 21가지 제언』에서는 정보기술과 생명기술의 비약적인 발전이 이끄는 유례없는 혁명기, 새로운 도전과 위협에 직면해 있는 인류의 현재를 살핀다. 인공지능은 인간의 일자리를 빼앗아..."
해커스 보카 Hackers Vocabulary,http://image.yes24.com/goods/18410503/S,David Cho,해커스어학연구소,"15,210원","『Hackers Vocabulary』 개정판은 최신 토플 경향에 더욱 강해졌다. 토플 시험의 최신 출제 경향을 철저히 분석하여 빈출 순서에 따라 표제어를 수록했다. 표제어와 함께 기출동의어, 출제가 예상되는 중요동의어, 혼동되는 단어, 문맥상으로 파악해야 하는 동의어 등 토플 시험의 허를 찌르는 최신출제 포인트까지 담았다...."
초등 만화 영문법,http://image.yes24.com/goods/35061287/S,유원호,넥서스,"10,080원","영어 우등생은 문법에 강하다!  이 책은 스스로 공부하는 습관을 길러주는 초등학생을 위한 만화 영문법 책이에요. 초등학생이 꼭 알아야 할 필수 영문법 개념들을 이해하기 쉽게 만화로 풀어, 단숨에 개념 완성을 할 수 있어요."
위험한 과학책,http://image.yes24.com/goods/17622312/S,랜들 먼로,시공사,"19,800원","《스타워즈》《어벤져스》 《인터스텔라》를 보며 상상했던 엉뚱한 일들, 이 책에서 바로 현실이 된다!  - 야구공을 광속으로 던지면 어떻게 될까? - 핵잠수함을 타고 지구 궤도를 돈다면 얼마나 오래 버틸 수 있을까? - 모든 사람이 동시에 달을 향해 레이저포인터를 쏘면 어떻게 될까? - 언제쯤이면 페이스북에 살아..."
한 권으로 끝내는 해커스 토익 700+ (LC+RC),http://image.yes24.com/goods/32571348/S,해커스어학연구소,해커스어학연구소,"17,550원","토익 기초부터 실전까지 한 권으로 끝낼 수 있는 교재로 확실한 목표점수 달성을 위한 ‘기초다지기 & 영역별 기출 핵심 포인트’ 수록하였다. 최신 신토익 유형을 완벽 반영한 풍부하고, 다양한 문제 수록하고 맞춤형 학습플랜으로 2주, 4주 만에 빠르게 목표점수 달성 가능하도록 하였다. 독학도 가능한 상세한 강의식 해..."
칼 비테 교육법,http://image.yes24.com/goods/44150095/S,칼 비테,차이정원,"15,300원","“왜 세계의 교육학자들은 칼 비테에 열광하는가?” 국내 최초 독일어 원전 완역!, 200년간 이어온 전 세계 베스트셀러,  변함없는 자녀교육의 바이블!   200년 전, 독일의 시골마을에서 태어난 미숙아인 칼 비테 주니어. 이 아이는 아버지의 극진한 교육을 받으며 성장했다. 아이는 6개 국어를 통달한 천재 법학자가 ..."
잘못 뽑은 반장,http://image.yes24.com/goods/3395331/S,이은재,주니어김영사,"8,010원","뭐하나 제대로 하는 것이 없는 비만 소년이 우연히 반장이 되면서 겪는 좌충우돌 성장기입니다. 주인공 이로운은 장애인 누나도, 자신을 싫어하는 친구들과 선생님도, 누나만 예뻐하는 엄마도 모두 불만인 소년입니다. 2학기가 시작되고, 자신과 짝이 되기 싫어하는 여자 아이들을 보고 울컥 화가 난 이로운은 반장선거에 ..."
달 샤베트,http://image.yes24.com/goods/13434581/S,백희나,책읽는곰,"10,800원","천진한 호기심과 상상력으로 빚어낸 환경 이야기 『달샤베트』. 어느 무더운 여름밤, 에어컨과 선풍기와 냉장고가 뿜어내는 열기에 달이 똑똑똑 녹아내리기 시작했어요. 부지런한 반장 할머니는 큰 고무 대야 가득 달물을 받아 달 샤베트를 만들었지요. 이웃들은 세상모르고 에어컨을 쌩쌩, 선풍기를 씽씽, 냉장고를 윙윙 ..."
추리 천재 엉덩이 탐정 2,http://image.yes24.com/goods/33477743/S,트롤,미래엔아이세움,"10,800원","얼굴로 “뿡!”, 방귀를 “뿡!” 입으로 뀌는 ‘방귀’로 사건을 해결하는  반전 매력의 주인공, ‘추리 천재 엉덩이 탐정’이  새로운 이야기로 찾아왔습니다! 어느 날 갑자기 평화로운 동네에 키 5미터의 거인이 나타났다! 과연 거인의 정체는……? 이번 사건도 우리의 추리 천재, IQ 1,104의 엉덩이 탐정이 척척 해..."
호밀밭의 파수꾼,http://image.yes24.com/goods/204300/S,제롬 데이비드 샐린저,민음사,"7,200원","전 세계의 청소년과 대학생들의 마음을 사로잡고 있으며 지금도 매년 30만 부가 팔리고 있는 미국 현대문학의 정수 『호밀밭의 파수꾼』이 출간 50주년을 맞아 재출간 되었다. 영화계는 물론 사이먼과 가펑클, 그린데이, 오프스프링, 빌리 조엘 등 수많은 뮤지션들을 콜필드 신드롬에 빠지게 한 현대문학의 고전. 이 책에서..."
호모 데우스,http://image.yes24.com/goods/39404092/S,유발 하라리,김영사,"19,800원","“호모 데우스, 이것이 진화의 다음 단계다!” 정치, 종교, 문화 모든 구시대적 신화와 인공지능, 유전공학의 새로운 신이 만나 펼쳐낼 최후의 서사시  전 세계 45개국, 500만 부 초대형 베스트셀러 [사피엔스] 유발 하라리 최신작!   [사피엔스]는 우리가 어디에서 왔는지 알려주고, [호모 데우스]는 우리가 어디로 ..."
초등학생을 위한 나의 라임 오렌지나무,http://image.yes24.com/goods/3799797/S,J.M. 바스콘셀로스,동녘,"9,000원",초등학교 6학년 교과서에 실릴 만큼 성장 소설의 고전으로 자리매김한 작품인 『나의 라임오렌지나무』를 감성적인 삽화와 유려한 번역으로 초등학생들이 쉽게 읽을 수 있도록 하였습니다. 어린이용이라 하여 축약하거나 하지 않고 원작의 모든 부분을 삭제하지 않고 수록하여 원작의 감동을 그대로 전하고 있습니다. 어린...
침묵의 봄,http://image.yes24.com/goods/6140639/S,레이첼 카슨,에코리브르,"16,200원",20세기에 가장 큰 영향력을 미친 책으로 일컬어지는 침묵의 봄의 개정판이다. 무분별한 살충제 사용으로 파괴되는 야생 생물계의 모습을 적나라하게 공개해 큰 충격을 줬던 이 책은 언론의 비난과 이 책의 출판을 막으려는 화학업계의 거센 방해에도 카슨은 환경 문제에 대한 새로운 대중적 인식을 이끌어내며 정부의 정책 ...
1984,http://image.yes24.com/goods/372300/S,조지오웰,민음사,"8,550원","전제주의라는 거대한 지배 시스템 앞에 놓인 한 개인이 어떻게 저항하다가 어떻게 파멸해 가는지, 그 과정과 배후를 적나라하게 보여주는 디스토피아 소설이다. 작품의 무대는 전체주의의 극한적인 양상을 띠고 있는 나라, 오세아니아. 정치 통제 기구인 당은 허구적 인물인 빅 브라더를 내세워 독재 권력의 극대화를 꾀하..."
식탁 위의 세계사,http://image.yes24.com/goods/7146585/S,이영숙,창비,"11,520원","제2회 창비청소년도서상 교양 부문 대상 수상작. 『식탁 위의 세계사』는 소금, 후추 같은 우리 곁의 친근한 먹을거리를 통해 세계사의 중요한 사건들과 인물들에 관한 이야기로 안내하는 흥미로운 청소년 교양서다. 엄마가 아이들에게 이야기를 들려주는 형식을 취하고 있어 부담스럽지 않고, 고대사부터 시작하는 뻔한 연..."
빨강 연필,http://image.yes24.com/goods/5169850/S,신수현,비룡소,"9,000원","2011년 제17회 황금도깨비상 장편동화 부문 수상작 빨강 연필을 쥐는 순간, 나는 세상에서 가장 특별한 아이가 된다 무엇이든 술술 진짜처럼 써내는 요술 연필을 만난 민호의 특별하고 비밀스러운 성장 일기   2011년 제17회 비룡소 황금도깨비상 수상작 신수현의 장편동화입니다. 작가의 데뷔작이기도 한 이 동화는 무..."
말의 품격,http://image.yes24.com/goods/39441749/S,이기주,황소북스,"13,050원","『언어의 온도』로 많은 독자의 사랑을 받은 이기주 작가의 에세이집. 경청, 공감, 반응, 뒷말, 인향, 소음 등 24개의 키워드를 통해 말과 사람과 품격에 대한 생각들을 풀어낸다. 고전과 현대를 오가는 인문학적 소양을 바탕으로 작가 특유의 감성을 더해 볼거리와 생각할 거리를 동시에 전한다."
"돈, 뜨겁게 사랑하고 차갑게 다루어라",http://image.yes24.com/goods/20398419/S,앙드레 코스톨라니,미래의창,"10,800원","유럽 증권계의 ‘위대한 유산’, 앙드레 코스톨라니 최후의 역작  유럽 제일의 투자자 코스톨라니가 넘치는 기지와 유머로 돈의 매력을 탐지하며 증권 거래와 투자심리에 중요한 변수인 투자의 근본적인 비밀과 기술을 설명하고 있다. 동시에 그는 투자자들에게 21세기 증권시장에 있어서 기회와 위험, 그리고 변화와 상..."
개인주의자 선언,http://image.yes24.com/goods/20536907/S,문유석,문학동네,"12,150원",『판사유감』을 통해 현직 판사로서 법과 사람 그리고 정의에 대해서 이야기했던 저자가 이번에는 대한민국 사회의 불편한 진실을 이야기한다.   판사 문유석의 일상유감이라는 부제가 붙은 이 책 『개인주의자 선언』은 소년시절부터 현재까지 저자가 보고 겪었던 사회 문제에 대한 생각들이 담겨 있다.  책과 음악만 ...
이상한 손님,http://image.yes24.com/goods/59273643/S,백희나,책읽는곰,"10,800원","이번엔 진짜로 이상한 녀석이 왔다! 봄 날씨보다 변덕스러운 손님이 불러온 대소동! 『알사탕』 작가 백희나 신작!  어느 비 오는 오후, 누나랑 둘이서 집을 보는데 이상한 녀석이 찾아왔다! 서너 살쯤 되어 보이는 녀석의 이름은 천, 달, 록이란다. 집에 가고 싶은데, 타고 온 구름을 잃어 버렸다나 뭐라나. 이름도, ..."
마법의 설탕 두 조각,http://image.yes24.com/goods/201210/S,미하엘 엔데,소년한길,"8,100원","자기가 해달라는 것마다 안된다고 말하는 엄마 아빠에게 화가 난 렝켄은 요정을 찾아가 ""안돼!""라고 말할 때마다 키가 반으로 줄어드는 마법의 설탕 두 조각을 얻는다. 엄마 아빠의 키가 손톱 크기만큼 줄어들자 두려움을 느낀 렝켄은 요정에게 “엄마 아빠를 되돌려 달라”고 호소하고, 지혜로운 요정은 렝켄과 부모를 화..."
환자 혁명,http://image.yes24.com/goods/56024674/S,조한경,에디터,"13,500원",나의 건강을 남에게 맡길 것인가? 스스로 책임질 것인가? 성인병 치료 성공의 열쇠는 환자 자신에게!  현직 의사가 기존의 의료 상식에 반기를 들면서 새로운 패러다임을 제시하는 책. 미국에서 활동 중인 저자가 자신의 임상 경험과 연구를 바탕으로 건강하려면 ‘약과 병원에 의존하지 말고 건강 주권을 회복하라’고 ...
세상에서 제일 쉬운 그림 그리기,http://image.yes24.com/goods/19827529/S,원아영,슬로래빗,"11,520원","아이가 그림 그려 달라면 당황하는 엄마! 동그라미 세모 네모만으로 누구나 쉽게 그리는 그림 놀이책으로 아이와 함께 즐거운 그림 놀이를 시작하세요.  아이들은 놀이를 통해 배우고 생각을 표현하며 지적인 성장을 한다. 그중에서도 그림 놀이는 집중력, 표현력, 관찰력, 창의력, 상상력 등을 발달시키기 때문에 유아..."
영어회화 핵심패턴 233,http://image.yes24.com/goods/30478560/S,백선엽,길벗이지톡,"13,500원",14년 연속 베스트셀러! ‘핵심패턴 시리즈’의 화려한 귀환! 《영어회화 핵심패턴 233》개정판 출간!  초판 출간 후 ‘14년 연속 베스트셀러’라는 기록을 남기며 영어 학습자들 사이에서 ‘레전드’로 등극한 길벗 이지톡의 《영어회화 핵심패턴 233》이 더욱 알찬 구성으로 돌아왔다. 이 책은 패턴 학습법의 원조격으...
틀려도 괜찮아,http://image.yes24.com/goods/1953816/S,마키타 신지,토토북,"9,900원","한국간행물윤리위원회 선정 필독도서 아침독서신문 추천도서  '틀리는 건 당연해, 마음 놓고 틀려도 돼!'  초등학교 1학년 신입생이 있습니다. 집에서는 이야기도 잘 하고, 유치원에서 발표도 곧잘 하던 아이지만, 낯선 친구들과 낯선 선생님 앞에서는 쑥쓰러워 몸을 뒤로만 뺍니다. 게다가 집이나 유치원보다 경직된 ..."
초등학생이 알아야 할 과학 100가지,http://image.yes24.com/goods/43281794/S,알렉스 프리스,어스본코리아,"11,700원","초등 과학부터 최신 과학 정보까지 담아낸 신개념 과학책, 초등학생이 알아야 할 100가지 시리즈!  고생물학에서 핵물리학까지, 끝없는 호기심을 가진 아이들에게 세상의 비밀을 알려 주는 어린이 교양서 「초등학생이 알아야 할 100가지」 시리즈가 출간되었어요. 과학 전반, 우리 몸, 우주 등 아이들이 좋아하는 대주제..."
송사무장의 부동산 경매의 기술,http://image.yes24.com/goods/38002304/S,송희창,지혜로,"14,400원","대한민국 최고의 경매 고수 송사무장이 알려주는 앞으로 10년은 유용하게 써먹을 경매의 기술!  실전에서 수익을 내고 있는 경매 고수에게 배워야 돈을 벌 수 있다!!  제자들을 2~3년 만에 월세 부자, 부동산 부자로 만든 경·공매분야 최고의 고수 송사무장이 알려주는 경매 투자에서 수익 내는 진짜 비법이 고스란히 ..."
아낌없이 주는 나무,http://image.yes24.com/goods/197687/S,셸 실버스타인,시공주니어,"9,000원","전 세계 천만 독자가 선택한, 쉘 실버스타인의 대표 명작!  시간이 흐르면 책은 낡고 책장은 색이 바랜다. 하지만 겉모습이 낡고 바래도 책이 지닌 가치는 결코 낡거나 바래지 않는다. 그렇게 오래도록 세대를 거듭하며 읽히고 읽히는 좋은 책을 우리는 ‘고전’이라 부른다. 1964년에 출판된 『아낌없이 주는 나무』는 ..."
난장이가 쏘아올린 작은 공,http://image.yes24.com/goods/141729/S,조세희,이성과 힘,"9,900원","1970년대 우리 인문주의와 심미적 이성의 한 절정을 보여준 한국문학의 대표작, 조세희의 『난장이가 쏘아올린 작은 공』. 1978년 6월 초판이 발행된 이래 1996년 4월 100쇄를 돌파하기까지 장장 18년간 40만 부가 팔린 이 책은 최인훈의 『광장』과 함께 우리 문단 사상 가장 오래도록 팔린 스테디셀러로 꼽힌다.  조세..."
10대를 위한 JUSTICE 정의란 무엇인가,http://image.yes24.com/goods/15282267/S,마이클 샌델,미래엔아이세움,"10,800원","10대에게도 정의는 필요합니다. 생생한 이미지와 짧은 글로 접근은 쉽게, 울림은 강하게!  세상엔 하나의 답으로 풀 수 없는 문제가 많습니다. 그래서 서로 대화하고 다른 사람의 입장을 들으며 합의를 이루어 나가는 것이 중요하지요. 다양한 상황에 마주쳤을 때, 여러 사람의 입장에서 문제를 보고 생각하여 바른 결정..."
수미네 반찬,http://image.yes24.com/goods/65564967/S,김수미,성안당,"15,300원","셰프의 화려한 요리보다 소박한 반찬 하나에 행복을 느끼는 사람들이 늘고 있다. 『수미네 반찬』은 외식 문화의 홍수 속 사라져버린 정성 가득한 엄마의 손맛과 사람들의 집 나간 입맛을 ‘밥상’ 앞으로 되돌리자는 취지로 시작된 전무후무한 ‘반찬’ 전문 요리 예능 프로그램이다. 이에 대한민국의 손맛 명인, ‘밥심’..."
화내지 말고 예쁘게 말해요,http://image.yes24.com/goods/3235534/S,안미연,상상스쿨,"8,550원","유아의 올바른 의사표현을 도와주는 책!  커뮤니케이션의 기초가 되는 올바른 의사표현, 즉 ‘자신의 마음을 상대에게 어떻게 효과적으로 전달할 것인가’는 사람들 사이의 관계를 어떻게 잘 풀어나가는가의 기초가 되는 문제입니다. 어려서부터 가장 가까운 관계인 엄마, 형제, 또래 친구들과의 관계에서부터 자연스럽게..."
화요일의 두꺼비,http://image.yes24.com/goods/12767325/S,러셀 에릭슨,사계절,"8,100원","잡고 잡아먹히는 천적관계인 올빼미와 두꺼비가 친구가 되는 과정을 따뜻하면서도 긴장감 있게 그린 동물 판타지 동화. 무뚝뚝하며 친구 하나 없는 냉소적인 올빼미가 낙천적이며 따뜻한 마음씨를 지닌 두꺼비의 정성과 노력에 차츰 마음을 열어 가며, 마침내 깊은 우정을 확인하게 되는 과정을 감동적으로 그려냈습니다. ..."
예루살렘의 아이히만,http://image.yes24.com/goods/2159722/S,한나 아렌트,한길사,"19,800원","나치의 전범 아돌프 아이히만 1906년 독일 졸링겐에서 태어난 아이히만은 1932년 비밀 나치당에 입당했고, 같은 해 하인리히 히믈러가 조직한 나치 친위대(SS) 정예부대에 들어갔다. 히믈러가 국가안전국(RSHA)을 창설했을 때 베를린에 있는 유대인 담당부서에서 일하게 되었다. 1942년 1월 베를린 근교에서 나치 고위관리..."
내 인생의 해답,http://image.yes24.com/goods/4689867/S,캐롤 볼트,쇼비(쇼비픽쳐스),"22,500원","살면서 부딪히게 되는 인생의 문제들에 답을 구하는 이들을 위한 지침서. 질문을 생각하고 가만히 그 질문에 집중한다. 책의 모서리, 페이지를 훑다가 답을 볼 준비가 되었다고 느껴지는 순간 손가락을 멈춘다. 손가락이 멈춘 페이지를 열면 생각했던 질문에 대한 답을 얻을 수 있을 것이다. 이 책은 작지만 혼자 결정하기..."
읽으면서 바로 써먹는 어린이 관용구,http://image.yes24.com/goods/62183010/S,한날,파란정원,"10,800원","『읽으면서 바로 써먹는 어린이 관용구』는 일상에서 자주 사용되는 어린이들이 꼭 알아야 할 관용구 100개를 골라 인기 웹툰 작가의 깜찍한 캐릭터들이 재미있게 이야기를 풀어, 거부감 없이 즐겁게 관용구의 뜻과 사용법을 배우고 익힐 수 있습니다."
쇼코의 미소,http://image.yes24.com/goods/29288225/S,최은영,문학동네,"10,800원","“소설가로서 최은영의 가장 큰 미덕은  그게 무슨 탐구든 반드시 근사한 이야기로 들려준다는 점이다.  그녀가 앞으로 쓰게 될 근사한 이야기들이 바로 이 책에서 시작했다.”  _김연수(소설가)   2013년 겨울, 『작가세계』 신인상에 중편소설 「쇼코의 미소」가 당선되어 등단, 그 작품으로 다음해 젊은작가상을 ..."
열두 살에 부자가 된 키라,http://image.yes24.com/goods/14972137/S,보도 섀퍼,을파소(21세기북스),"11,700원",150만 독자들이 열광한  어린이 경제 교육의 영원한 베스트셀러!   행복하고 풍성한 삶을 위한 가치경제 동화!  2001년에 첫 발행된 〈열두 살에 부자가 된 키라〉는 첫 번째 어린이 경제동화로 꾸준한 사랑을 받고 있는 도서입니다. 150만 독자들에게 선택된 이 도서의 핵심 키워드는 ‘꿈’입니다. 주인공 키라가 말...
죽고 싶지만 떡볶이는 먹고 싶어,http://image.yes24.com/goods/61779464/S,백세희,흔,"12,420원","기분부전장애(가벼운 우울 증상이 지속되는 상태)를 가진 저자와 정신과 전문의와의 12주간의 대화를 엮었다. 겉보기에는 멀쩡하지만 속은 곪아 있는, 지독히 우울하지도 행복하지도 않은 사람들을 위한 책이며, 타인의 시선으로부터 자유롭지 못하고, 불완전하고, 구질구질한 우리 모두의 이야기다. 우리는 울지 않는 사람..."
무례한 사람에게 웃으며 대처하는 법,http://image.yes24.com/goods/57817824/S,정문정,가나출판사,"12,420원","사람들과 만나 수많은 이야기를 하고 온 날, 마음이 헛헛할 때가 있다. 나는 왜 그렇게 말했을까? 그 사람은 내게 왜 그렇게 무례했을까? 그들은 내게 상처를 주고 당혹감을 안기며, 기껏 붙잡고 사느라 힘든 자존감을 뒤흔들어 놓는다. 어떤 인간관계는 유지하는 그 자체만으로 지나치게 에너지가 들 때가 있다. 내 속마음..."
"소리 질러, 운동장",http://image.yes24.com/goods/17838722/S,진형민,창비,"9,720원",“우리가 배워야 할 거의 모든 것은 운동장에 있다!” 『기호 3번 안석뽕』과 『꼴뚜기』의 작가 진형민 숨이 차도록 뛰어노는 아이들과 함께 돌아왔다  『기호 3번 안석뽕』과 『꼴뚜기』로 주목받은 작가 진형민의 신작 장편동화. 야구부에서 쫓겨난 김동해와 야구부에 들어가지 못한 공희주가 막야구부를 만들어 즐...
기분을 말해 봐!,http://image.yes24.com/goods/5382110/S,앤서니 브라운,웅진주니어,"9,900원","의사소통이 수월하지 않은 우리 아이에게 꼭 필요한 질문 ""너의 감정을 말해 봐"" 앤서니 브라운의 단순하면서도 명료한 그림체와 함께 아이의 기분 표현하기를 도와주세요!   유아기에는 ‘성장의 폭발기’라고 할 정도로 다양한 방면의 성장이 이뤄집니다. 신체인지 발달뿐만 아니라 다양한 감정을 느끼고 표현하기 시..."
추리 천재 엉덩이 탐정 3,http://image.yes24.com/goods/38235263/S,트롤,미래엔아이세움,"10,800원","“흠흠, 냄새가 나는군…….  저 사람들을 쫓아갑시다!”   [첫 번째 사건: 불멸의 절도단 사건]  아이큐 1,104의 추리 천재, 엉덩이 탐정! 어느 이른 아침, 엉덩이 탐정 사무소에 다급한 전화 한 통이 걸려 온다. 전화를 건 주인공은 견공 경찰서의 말티즈 서장! 부리나케 말티즈 서장을 만나러 간 엉덩이 탐정과 브라..."
설민석의 무도 한국사 특강,http://image.yes24.com/goods/55282993/S,설민석,휴먼큐브,"19,800원","설민석의 한국사 대중화를 위한 첫 걸음! 대한민국 한국사 열풍의 시작!  인물 / 사건 / 문화유산 세 가지 주제로 보는 무지 쉽고 도움 되는 한국사 분명 눈으로 책을 읽고 있지만, 귀로 설민석의 목소리가 들린다!  대한민국에서 가장 유명한 한국사 강사, 설민석. 한국사 대중화 프로젝트의 첫 걸음이 되었던 『설..."
서양미술사,http://image.yes24.com/goods/161163/S,에른스트 H. 곰브리치,예경,"34,200원","이 책은 지금까지 출간된 미술에 관한 가장 유명한 책 중의 하나로서 1950년 영국에서 초판이 간행된 이래 전세계에서 서양미술사 개론의 필독서로 자리잡고 있다. 선사시대 동굴벽화부터 오늘날의 실험적 예술에 이르기까지 모든 주제를 다룬 입문서이며, 이 책을 통하여 세계 전역에 걸친 모든 세대의 독자들은 저자가 해..."
한글 12주 세트,http://image.yes24.com/goods/34574917/S,스티브 맥,삼성출판사,"13,500원","한글에는 정확한 학습법이 있다. 한글은 과학적으로 만들어진 소리 글자입니다.  원리를 이해하면 12주에 깨칠 수 있습니다.  세종대왕은 한글을 만들고 “지혜로운 사람은 아침나절이 지나기 전에 이를 해석하고, 어리석은 사람도 열흘이면 배울 수 있다.”라고 했습니다. 한글은 우리 말소리를 표현하기 위해 만들어..."
푸름이 행복한 성교육 세트 (전13종),http://image.yes24.com/goods/24615622/S,푸름이닷컴(전집),푸름이닷컴(전집),"42,750원","소중한 우리 아이를 위한 첫 성교육 동화책입니다. 다가가기 어려운 성교육을 스토리텔링 방법으로 쉽게! 일상적인 장소의 아이들이 주인공으로 나와서 주제에 공감하게 합니다. 귀엽고 따뜻한 일러스트로 거부감없이 성교육에 접근하며, 다양한 코너에서 궁금증을 풀어냅니다."
욕망의 진화,http://image.yes24.com/goods/2686191/S,데이비드 버스,사이언스북스,"19,800원","『욕망의 진화』는 1994년에 출간되어 데이비드 버스의 이름과 진화심리학이라는 신생 학문을 전 세계에 널리 알린 심리학 분야의 명저이다. 인간 남녀의 사랑, 연애, 섹스, 결혼의 실체를 밝히기 위해 머나먼 과거로부터 현재에 이르기까지의 수백만 년에 걸친 인간 진화의 역사를 파헤쳐 우리 마음속 깊은 곳에 숨겨진 인..."
"총, 균, 쇠",http://image.yes24.com/goods/8500082/S,재레드 다이아몬드,문학사상,"31,500원","인종주의적 설명 방식을 뒤집는, 문명 발전에 관한 새로운 보고서  왜 어떤 민족들은 다른 민족들의 정복과 지배의 대상으로 전락하고 말았는가. 왜 원주민들은 유라시아인들에 의해 도태되고 말았는가. 왜 각 대륙들마다 문명의 발달 속도에 차이가 생겨났는가. '인간 사회의 다양한 문명은 어디서 비롯되는가?'라는 의..."
어떻게 살 것인가,http://image.yes24.com/goods/8491738/S,유시민,생각의길,"13,500원","대중적 글쓰기로 많은 독자들의 사랑을 받았던 유시민이 스스로 가장 자기답다고 생각하는 모습으로 돌아왔다. 정치인 유시민에 가려져 있었던 자연인 유시민, 지식인 유시민의 사람과 자연, 사회와 역사에 대한 생각을 온전하게 보여준다. 이 책을 쓰는 작업은 그에게 자신의 미래를 새롭게 고민하고 설계하는 과정이었으..."
떨림과 울림,http://image.yes24.com/goods/66322614/S,김상욱,동아시아,"13,500원","물리학자의 눈으로 바라보는 세계는 어떤 모습일까? 우리의 몸과 마시는 공기, 발을 딛고 서있는 땅과 흙, 그리고 매일 마주하는 노트북 모니터와 휴대전화까지. 세계의 모든 존재들은 모두 ‘원자’라는 아주 작은 단위로 이루어져 있다. 김상욱은 이 작고도 작은 단위까지 내려가 우리 존재부터 우주라는 커다란 세계까지..."
초정리 편지,http://image.yes24.com/goods/8451380/S,배유안,창비,"9,720원",제10회 창비 ‘좋은 어린이책’ 원고 공모 창작 부문 대상작 『초정리 편지』를 새롭게 편집했습니다.  심사위원들로부터 “역사의식과 이야기의 재미가 함께 어우러진 역작”이라는 격찬을 받은 작품입니다. ‘장운’이라는 사내아이가 고난 속에서도 석수장이로 성장해 가는 이야기에 한글 창제에 관한 이야기를 숨겨 ...
평균의 종말,http://image.yes24.com/goods/59395327/S,토드 로즈,21세기북스,"14,400원","아마존닷컴 최고의 책 ? TED 화제의 강연 워싱턴포스트 권장도서 ? 패스트컴퍼니 권장도서   숨겨진 재능을 찾는 교육 혁명 평균주의가 망친 교육을 다시 설계하라!  “게으름뱅이, 문제아, 한심한 녀석.”   하버드 교육대학원의 교수이자 교육신경과학 분야의 최고 권위자, 토드 로즈의 고등학생 시절 이야기다. ..."
어쩌다 중학생 같은 걸 하고 있을까,http://image.yes24.com/goods/6194146/S,쿠로노 신이치,뜨인돌,"9,000원","중2병에 걸린 한 소녀의 좌충우돌 성장기   『어쩌다 중학생 같은 걸 하고 있을까』는 이제 막 중학교 2학년에 돌입한 스미레의 일상을 통해 이 시대 청소년의 상황과 속내를 가감 없이 보여 준다. 주인공 스미레는 중2병을 심하게 앓고 있다. 소심한 소녀처럼 보이지만, 현실 너머에서는 영웅을 꿈꾸고, 학교와 가정, 사..."
초등 필수 영단어 무작정 따라하기,http://image.yes24.com/goods/20153550/S,Claire park,길벗스쿨,"12,600원",교육부 권장 초등 필수 영단어를 한 권에 담았어요!  《초등 필수 영단어 무작정 따라하기》는 영어 공부를 시작하는 초등학교 저학년 학생들이 단어부터 차근차근 초등 영어 공부의 기초를 세울 수 있도록 쉽고 알차게 구성하였다. 재미있는 그림을 보면서 단어의 연상 이미지를 만들고 원어민 선생님의 정확한 발음 듣...
정재승의 과학콘서트,http://image.yes24.com/goods/5304148/S,정재승,어크로스,"12,150원","『정재승의 과학콘서트』가 10주년을 맞아 업그레이드 되어 돌아왔다! 출간 당시 이 영민한 과학 교양서는 분야를 넘나드는 통합적 지식과 사유를 보여주며, 선생님이 제자에게, 부모님이 자녀에게, 선배가 후배에게 권하는 최고의 '과학책'으로 사랑 받아 왔다. 이제 10년간 21세기 최고의 교양 베스트셀러로 자리매김한 ..."
모모,http://image.yes24.com/goods/1263/S,미하엘 엔데,비룡소,"10,800원","사람들에게서 시간을 빼앗아가는 회색 신사집단, 시간을 저축해야 한다는 강박관념에 쫓겨 강팍해지고 피폐해지는 사람들, 그리고 모모. 이 책은 아이들에게는 그들의 마음으로 읽히고, 어른들에게는 또 그 나름의 감동으로 읽히는 아주 특별한 동화이다. 시간은 삶이고 삶은 우리 마음 속에 깃들어 있다는 메시지가 마음 ..."
